"","GEOID","NAME","B28003_001E","B28003_001M","B28003_002E","B28003_002M","B28003_003E","B28003_003M","B28003_004E","B28003_004M","B28003_005E","B28003_005M","B28003_006E","B28003_006M"
"1","01003","Baldwin County, Alabama",76779,3010,66894,3117,229,186,59033,3341,7632,1949,9885,1894
"2","01015","Calhoun County, Alabama",43972,1687,37160,1948,40,66,31399,1996,5721,1302,6812,1022
"3","01043","Cullman County, Alabama",30299,1234,24601,1305,271,207,21793,1425,2537,859,5698,988
"4","01049","DeKalb County, Alabama",25383,1190,21038,1305,117,150,17234,1445,3687,997,4345,1003
"5","01051","Elmore County, Alabama",29350,1102,26807,1234,159,181,23710,1511,2938,1036,2543,720
"6","01055","Etowah County, Alabama",38766,1489,32526,1659,203,170,28068,1860,4255,918,6240,974
"7","01069","Houston County, Alabama",39167,959,31375,1022,188,116,27776,996,3411,449,7792,664
"8","01073","Jefferson County, Alabama",261904,4316,229312,4699,673,275,203608,4947,25031,2197,32592,2336
"9","01077","Lauderdale County, Alabama",37875,1391,30898,1688,163,204,26724,1658,4011,1023,6977,1276
"10","01081","Lee County, Alabama",59354,1783,54042,2081,151,199,48671,1964,5220,1123,5312,1231
"11","01083","Limestone County, Alabama",31880,1214,26790,1308,98,123,23050,1502,3642,1191,5090,1186
"12","01089","Madison County, Alabama",143669,2833,131789,3058,518,517,122117,3532,9154,1682,11880,1720
"13","01095","Marshall County, Alabama",34726,1047,29177,1318,84,90,27088,1504,2005,701,5549,1046
"14","01097","Mobile County, Alabama",157141,2741,129902,3346,750,449,112464,3489,16688,2067,27239,2389
"15","01101","Montgomery County, Alabama",90827,1963,77854,2306,211,290,71754,2549,5889,1416,12973,1490
"16","01103","Morgan County, Alabama",44816,1847,36987,2105,288,223,31957,1952,4742,1003,7829,1347
"17","01115","St. Clair County, Alabama",31615,1367,28292,1474,16,29,23696,1627,4580,1246,3323,994
"18","01117","Shelby County, Alabama",76059,1692,71987,1741,98,121,66827,1873,5062,1082,4072,895
"19","01121","Talladega County, Alabama",31517,1635,26992,1717,8,13,23476,1651,3508,850,4525,775
"20","01125","Tuscaloosa County, Alabama",73825,2003,63681,2400,69,117,56351,2906,7261,1585,10144,1608
"21","01127","Walker County, Alabama",23863,1316,20024,1318,151,147,17248,1417,2625,763,3839,750
"22","02020","Anchorage Municipality, Alaska",105249,1864,101065,2096,380,244,96101,2229,4584,1020,4184,1060
"23","02090","Fairbanks North Star Borough, Alaska",33770,1901,31682,2007,354,255,27964,2296,3364,901,2088,925
"24","02170","Matanuska-Susitna Borough, Alaska",30305,769,28650,782,37,61,26059,806,2554,461,1655,405
"25","04001","Apache County, Arizona",20018,884,12417,819,293,147,8008,786,4116,564,7601,631
"26","04003","Cochise County, Arizona",50147,2119,43629,2322,219,171,38762,2306,4648,1056,6518,1059
"27","04005","Coconino County, Arizona",47408,1957,42484,2025,343,228,36174,2020,5967,1027,4924,806
"28","04013","Maricopa County, Arizona",1521131,9246,1408161,10141,4393,1093,1286302,10324,117466,4880,112970,5198
"29","04015","Mohave County, Arizona",84876,2775,73420,3334,312,243,68446,3438,4662,988,11456,1769
"30","04017","Navajo County, Arizona",33587,1656,24694,1439,69,85,19461,1335,5164,894,8893,1000
"31","04019","Pima County, Arizona",400835,4105,364197,4698,1580,573,339453,5095,23164,2064,36638,3197
"32","04021","Pinal County, Arizona",132352,3221,120230,3445,433,340,109691,3794,10106,1807,12122,1598
"33","04025","Yavapai County, Arizona",94962,2874,84713,2985,505,292,75556,3375,8652,1821,10249,1317
"34","04027","Yuma County, Arizona",73072,2001,62561,2529,223,163,57978,2755,4360,1138,10511,1698
"35","05007","Benton County, Arkansas",94494,1606,86755,1881,369,269,55146,2470,31240,2505,7739,1106
"36","05031","Craighead County, Arkansas",39813,1369,34907,1666,0,197,31444,1791,3463,910,4906,932
"37","05045","Faulkner County, Arkansas",43964,1306,39641,1669,60,100,33815,1895,5766,1310,4323,927
"38","05051","Garland County, Arkansas",39309,2140,34337,2113,80,134,31264,2061,2993,1054,4972,1190
"39","05069","Jefferson County, Arkansas",26750,1509,22928,1534,42,75,17116,1605,5770,1229,3822,818
"40","05085","Lonoke County, Arkansas",26327,934,22508,1148,107,122,20220,1287,2181,775,3819,898
"41","05119","Pulaski County, Arkansas",161291,2762,138755,3426,465,314,123869,3470,14421,2348,22536,2635
"42","05125","Saline County, Arkansas",43371,1397,39103,1692,239,230,36314,1698,2550,930,4268,997
"43","05131","Sebastian County, Arkansas",51055,1457,44262,1959,75,125,38598,2127,5589,1446,6793,1348
"44","05143","Washington County, Arkansas",88690,1279,80809,2145,227,163,66023,2906,14559,2442,7881,1478
"45","05145","White County, Arkansas",28221,1401,23382,1558,59,74,20703,1664,2620,963,4839,1147
"46","06001","Alameda County, California",572012,3657,535400,5056,1215,419,497747,5669,36438,3097,36612,2976
"47","06007","Butte County, California",85531,2090,78416,2254,465,305,70042,2697,7909,1698,7115,1269
"48","06013","Contra Costa County, California",391288,2968,371712,3599,908,373,354650,3991,16154,2367,19576,2390
"49","06017","El Dorado County, California",69653,2207,64756,2238,178,150,60198,2238,4380,1209,4897,1200
"50","06019","Fresno County, California",303216,2788,268565,4068,920,463,239357,4349,28288,2530,34651,3157
"51","06023","Humboldt County, California",54230,1436,48613,1624,429,327,43450,2013,4734,986,5617,1031
"52","06025","Imperial County, California",44855,1612,37339,1809,56,98,33259,1754,4024,1176,7516,1102
"53","20045","Douglas County, Kansas",45572,1406,43016,1515,50,86,38166,1845,4800,1382,2556,788
"54","20091","Johnson County, Kansas",225606,2066,214614,2502,493,270,207355,2796,6766,1402,10992,1476
"55","20103","Leavenworth County, Kansas",27174,1049,25225,1140,163,168,21525,1381,3537,1157,1949,633
"56","20161","Riley County, Kansas",25523,1501,24137,1603,0,174,21967,1797,2170,918,1386,696
"57","20173","Sedgwick County, Kansas",195815,2528,171157,3129,1000,400,160303,3357,9854,1645,24658,2431
"58","20177","Shawnee County, Kansas",70101,1899,58904,2158,342,165,48649,2400,9913,1734,11197,1530
"59","20209","Wyandotte County, Kansas",58524,1266,51455,1463,165,147,42452,1428,8838,1437,7069,980
"60","21015","Boone County, Kentucky",46849,1034,43811,1500,0,190,42402,1623,1409,730,3038,804
"61","21029","Bullitt County, Kentucky",29037,876,25801,1105,0,190,23371,1286,2430,926,3236,778
"62","21037","Campbell County, Kentucky",36461,1248,33182,1389,488,333,29834,1510,2860,920,3279,630
"63","21047","Christian County, Kentucky",25121,1117,20656,1395,211,197,16901,1584,3544,1057,4465,1009
"64","21059","Daviess County, Kentucky",39629,1153,34837,1359,173,191,32068,1410,2596,736,4792,1042
"65","21067","Fayette County, Kentucky",127137,2102,117698,2285,119,151,108544,2375,9035,1630,9439,1284
"66","21093","Hardin County, Kentucky",39684,1908,34965,2167,233,197,31264,2116,3468,1181,4719,1167
"67","21111","Jefferson County, Kentucky",314161,2817,279565,3613,627,274,261278,3749,17660,2208,34596,2695
"68","21117","Kenton County, Kentucky",63609,1297,57816,1351,136,168,54247,1586,3433,978,5793,816
"69","21145","McCracken County, Kentucky",28416,1100,23245,1289,0,190,21040,1569,2205,931,5171,997
"70","21151","Madison County, Kentucky",33633,1128,29775,1400,51,63,25989,1513,3735,1164,3858,862
"71","21185","Oldham County, Kentucky",21180,443,20364,537,74,102,19222,802,1068,552,816,359
"72","21227","Warren County, Kentucky",47444,1236,42727,1423,133,161,40170,1550,2424,653,4717,928
"73","22005","Ascension Parish, Louisiana",40950,1545,38193,1630,117,156,36010,1769,2066,898,2757,896
"74","22015","Bossier Parish, Louisiana",47458,1800,41682,2166,201,245,32688,2334,8793,1773,5776,1412
"75","22017","Caddo Parish, Louisiana",96532,2351,79793,2508,495,358,65552,3457,13746,2245,16739,1922
"76","22019","Calcasieu Parish, Louisiana",77029,2177,65071,2609,175,183,54356,2373,10540,1864,11958,1965
"77","22033","East Baton Rouge Parish, Louisiana",163764,3551,145733,4202,60,99,132320,4235,13353,1981,18031,2442
"78","22045","Iberia Parish, Louisiana",26240,1181,21966,1201,35,61,18947,1457,2984,937,4274,1085
"79","22051","Jefferson Parish, Louisiana",170710,2318,145891,3069,585,328,126322,3561,18984,2199,24819,2202
"80","22055","Lafayette Parish, Louisiana",89130,2127,80649,2511,0,208,74854,2619,5795,1228,8481,1480
"81","22057","Lafourche Parish, Louisiana",37199,999,31132,1348,0,208,27796,1411,3336,899,6067,978
"82","22063","Livingston Parish, Louisiana",47479,1665,41970,1856,110,188,35762,2406,6098,1607,5509,1251
"83","22071","Orleans Parish, Louisiana",154355,2906,131734,3293,352,320,112014,3098,19368,1748,22621,1654
"84","22073","Ouachita Parish, Louisiana",54349,1840,43052,1957,121,196,37694,2092,5237,1114,11297,1701
"85","22079","Rapides Parish, Louisiana",47745,1868,40152,1791,105,119,35499,1820,4548,1253,7593,1193
"86","22097","St. Landry Parish, Louisiana",30302,1333,22814,1364,1130,570,17402,1317,4282,803,7488,876
"87","22103","St. Tammany Parish, Louisiana",92205,1838,83347,2134,63,109,78380,2515,4904,1349,8858,1494
"88","22105","Tangipahoa Parish, Louisiana",47756,1780,42710,2102,0,208,38553,2180,4157,1179,5046,1294
"89","22109","Terrebonne Parish, Louisiana",40102,1546,35040,1731,259,274,29274,1832,5507,1363,5062,1114
"90","23001","Androscoggin County, Maine",44917,1105,40160,1244,427,311,36044,1494,3689,972,4757,928
"91","23003","Aroostook County, Maine",27514,916,22714,999,331,147,18086,1074,4297,846,4800,802
"92","23005","Cumberland County, Maine",118049,2275,109895,2365,1019,620,101183,2787,7693,1615,8154,1284
"93","23011","Kennebec County, Maine",47791,1833,41364,2203,293,185,38401,2036,2670,694,6427,1260
"94","23019","Penobscot County, Maine",60195,1491,53858,1648,658,245,48775,1735,4425,888,6337,1008
"95","23031","York County, Maine",82469,2561,72663,2782,939,571,67624,2888,4100,912,9806,1795
"96","24001","Allegany County, Maryland",27608,1421,22980,1498,79,83,21045,1487,1856,598,4628,827
"97","24003","Anne Arundel County, Maryland",206956,2933,196242,3354,127,127,187594,3463,8521,1852,10714,1484
"98","24005","Baltimore County, Maryland",312921,2473,285381,2992,1263,457,265658,4010,18460,2437,27540,1884
"99","24009","Calvert County, Maryland",32434,912,29891,1202,122,120,28490,1252,1279,573,2543,864
"100","24013","Carroll County, Maryland",61661,973,56232,1207,529,283,52137,1516,3566,850,5429,808
"101","24015","Cecil County, Maryland",37296,1460,34541,1765,166,165,32278,1774,2097,719,2755,877
"102","24017","Charles County, Maryland",55929,1317,50511,1666,0,198,47633,1749,2878,840,5418,1239
"103","24021","Frederick County, Maryland",89800,1578,81962,1907,412,223,78201,1832,3349,886,7838,1111
"104","24025","Harford County, Maryland",91813,2011,83876,2333,430,296,79008,2328,4438,1255,7937,1430
"105","24027","Howard County, Maryland",112542,1721,107961,2185,123,148,105027,2293,2811,1129,4581,1011
"106","24031","Montgomery County, Maryland",373346,2949,357829,3461,603,364,337562,3989,19664,2497,15517,1583
"107","24033","Prince George's County, Maryland",307816,2685,289723,3022,836,366,267068,3180,21819,2525,18093,1716
"108","24037","St. Mary's County, Maryland",41368,1136,36737,1466,309,270,31685,1747,4743,1244,4631,1123
"109","24043","Washington County, Maryland",55824,1661,47455,1928,341,199,42161,2210,4953,1089,8369,1390
"110","24045","Wicomico County, Maryland",36774,1554,32935,1755,230,206,28366,1702,4339,931,3839,1084
"111","24510","Baltimore city, Maryland",240761,4046,203546,4694,825,422,176077,4217,26644,2614,37215,2728
"112","25001","Barnstable County, Massachusetts",92582,3857,85516,3818,872,500,78571,3713,6073,1297,7066,1148
"113","25003","Berkshire County, Massachusetts",54204,1712,48246,1751,365,195,44755,2028,3126,827,5958,975
"114","25005","Bristol County, Massachusetts",214232,2316,187468,3226,483,276,173356,3648,13629,2242,26764,2684
"115","25009","Essex County, Massachusetts",289817,2773,263543,3864,996,477,244797,3816,17750,2752,26274,2381
"116","25011","Franklin County, Massachusetts",30868,736,26616,989,313,172,24473,1056,1830,543,4252,775
"117","25013","Hampden County, Massachusetts",178623,2137,153709,2587,975,402,138704,3108,14030,2154,24914,2011
"118","25015","Hampshire County, Massachusetts",58167,1210,53545,1615,94,92,50807,1803,2644,942,4622,1047
"119","25017","Middlesex County, Massachusetts",593437,4076,548465,5873,1141,368,520910,6156,26414,2386,44972,3427
"120","25021","Norfolk County, Massachusetts",260609,2715,241555,3167,718,419,232061,3469,8776,1700,19054,2332
"121","25023","Plymouth County, Massachusetts",184577,2667,170095,3378,256,226,160085,3393,9754,1496,14482,2017
"122","25025","Suffolk County, Massachusetts",306790,3509,276848,4117,617,329,254666,4596,21565,2572,29942,2655
"123","25027","Worcester County, Massachusetts",304833,2918,274445,3752,1230,488,254437,4253,18778,2320,30388,2437
"124","26005","Allegan County, Michigan",41995,1226,36399,1383,261,229,32638,1414,3500,787,5596,853
"125","26017","Bay County, Michigan",43876,1199,38166,1347,165,149,35614,1417,2387,625,5710,910
"126","26021","Berrien County, Michigan",62538,1519,54157,1604,417,202,47908,1680,5832,1085,8381,1190
"127","26025","Calhoun County, Michigan",52888,1350,45561,1667,284,166,40917,1802,4360,823,7327,1127
"128","26037","Clinton County, Michigan",28944,704,26084,762,287,186,24302,716,1495,403,2860,484
"129","26045","Eaton County, Michigan",44666,837,39997,1223,270,181,36498,1286,3229,866,4669,887
"130","26049","Genesee County, Michigan",167171,2232,142186,2912,622,290,123460,3160,18104,1980,24985,2207
"131","26055","Grand Traverse County, Michigan",37252,1261,34425,1547,356,256,30523,1671,3546,886,2827,759
"132","26065","Ingham County, Michigan",111779,1888,101863,2436,260,171,90552,2806,11051,1594,9916,1399
"133","26073","Isabella County, Michigan",23920,955,21405,1114,96,92,18103,1218,3206,687,2515,640
"134","26075","Jackson County, Michigan",59993,1688,52292,1839,230,182,46945,1870,5117,1044,7701,1152
"135","26077","Kalamazoo County, Michigan",102336,1841,92651,2319,171,152,86766,2161,5714,967,9685,1269
"136","26081","Kent County, Michigan",238472,2322,218708,2806,356,254,205100,3281,13252,2014,19764,2149
"137","26087","Lapeer County, Michigan",33178,923,29718,1090,335,210,25717,1186,3666,798,3460,658
"138","26091","Lenawee County, Michigan",37781,1320,33738,1253,606,263,30441,1487,2691,766,4043,633
"139","26093","Livingston County, Michigan",70787,1244,65055,1576,267,176,61102,1515,3686,888,5732,1009
"140","26099","Macomb County, Michigan",342255,3004,306136,4073,481,259,284835,4744,20820,2243,36119,2789
"141","26103","Marquette County, Michigan",25822,873,22868,1078,103,100,20155,1150,2610,645,2954,623
"142","26111","Midland County, Michigan",34381,705,30021,995,541,485,27663,1112,1817,481,4360,838
"143","26115","Monroe County, Michigan",58789,1096,52610,1375,301,190,47727,1586,4582,1085,6179,912
"144","26121","Muskegon County, Michigan",65437,1620,55756,1786,524,239,50019,1930,5213,1092,9681,1297
"145","26125","Oakland County, Michigan",500750,3647,468062,4152,1394,485,440452,4740,26216,2656,32688,2491
"146","26139","Ottawa County, Michigan",100425,1475,92811,1801,742,316,85921,2119,6148,1200,7614,1165
"147","26145","Saginaw County, Michigan",78494,1405,65965,1606,145,144,60405,1711,5415,939,12529,1145
"148","26147","St. Clair County, Michigan",65681,1350,56711,1697,446,234,51887,1786,4378,756,8970,1014
"149","26155","Shiawassee County, Michigan",28071,602,24715,928,102,84,22047,979,2566,622,3356,632
"150","26159","Van Buren County, Michigan",29337,1095,24555,1183,105,92,21303,1277,3147,710,4782,834
"151","26161","Washtenaw County, Michigan",140079,1822,131617,2037,356,186,123470,2041,7791,1061,8462,1250
"152","26163","Wayne County, Michigan",677208,5301,579936,5602,2623,780,495427,6103,81886,3741,97272,3844
"153","27003","Anoka County, Minnesota",126477,1009,116408,1780,1388,387,109704,1883,5316,1011,10069,1496
"154","27013","Blue Earth County, Minnesota",25687,603,23819,739,148,130,21190,951,2481,614,1868,483
"155","27019","Carver County, Minnesota",36784,383,34859,578,346,229,33362,732,1151,471,1925,426
"156","27037","Dakota County, Minnesota",159765,1427,149611,1896,384,218,141800,2124,7427,1175,10154,1466
"157","27053","Hennepin County, Minnesota",502061,3716,462356,4114,1691,475,424114,4396,36551,2751,39705,2708
"158","27109","Olmsted County, Minnesota",61357,1001,56160,1319,270,160,52695,1464,3195,742,5197,837
"159","27123","Ramsey County, Minnesota",208743,1912,189968,2508,845,322,176435,2644,12688,1547,18775,1736
"160","27131","Rice County, Minnesota",22895,782,19877,937,149,172,18405,930,1323,567,3018,620
"161","27137","St. Louis County, Minnesota",85170,1615,73888,2047,723,300,65555,2046,7610,1286,11282,1342
"162","27139","Scott County, Minnesota",48237,999,45772,1134,334,259,43812,1306,1626,626,2465,621
"163","27141","Sherburne County, Minnesota",31574,1131,29655,1306,424,299,27144,1356,2087,962,1919,916
"164","27145","Stearns County, Minnesota",58656,1176,53955,1348,628,282,48870,1557,4457,875,4701,689
"165","27163","Washington County, Minnesota",92384,1457,86472,1882,408,224,83239,1778,2825,731,5912,977
"166","27171","Wright County, Minnesota",47571,681,43169,967,234,129,40514,1083,2421,724,4402,940
"167","28033","DeSoto County, Mississippi",61039,1235,56127,1574,209,284,51540,1732,4378,1092,4912,1039
"168","28035","Forrest County, Mississippi",28007,1273,23901,1459,0,213,20240,1531,3661,960,4106,878
"169","28047","Harrison County, Mississippi",75266,2338,64514,2822,188,203,57688,2858,6638,1460,10752,1699
"170","28049","Hinds County, Mississippi",91065,1798,79105,2266,106,108,72478,2254,6521,1246,11960,1668
"171","28059","Jackson County, Mississippi",51637,1850,44852,2095,77,91,38955,2331,5820,1260,6785,1461
"172","28067","Jones County, Mississippi",24901,1199,20527,1432,512,517,13269,1490,6746,1469,4374,972
"173","28075","Lauderdale County, Mississippi",28457,1463,22256,1690,0,213,18782,1597,3474,861,6201,1271
"174","28081","Lee County, Mississippi",33209,974,27283,1435,125,202,24553,1589,2605,834,5926,1154
"175","28089","Madison County, Mississippi",38251,1372,34084,1596,0,213,30415,1623,3669,1008,4167,1044
"176","28121","Rankin County, Mississippi",56353,1338,51435,1732,0,213,46609,2060,4826,1308,4918,1238
"177","29019","Boone County, Missouri",68848,1784,64413,1940,340,278,58143,2109,5930,1360,4435,990
"178","29021","Buchanan County, Missouri",33971,1084,28536,1397,149,141,24955,1559,3432,718,5435,986
"179","29031","Cape Girardeau County, Missouri",29384,1149,26531,1390,162,178,24995,1491,1374,590,2853,803
"180","29037","Cass County, Missouri",38983,788,35313,1318,211,147,32106,1530,2996,875,3670,1086
"181","29043","Christian County, Missouri",30920,1059,29105,1179,107,127,26498,1305,2500,811,1815,614
"182","29047","Clay County, Missouri",89398,1764,84645,2036,365,263,79324,2222,4956,1214,4753,994
"183","29051","Cole County, Missouri",29995,1096,26430,1256,190,136,19766,1444,6474,1453,3565,747
"184","29071","Franklin County, Missouri",40023,1199,36018,1483,363,287,32159,1609,3496,1025,4005,1029
"185","29077","Greene County, Missouri",121734,1955,110779,2235,266,189,96588,2619,13925,1737,10955,1481
"186","29095","Jackson County, Missouri",281910,3278,248788,3457,1163,527,220341,4110,27284,2280,33122,2566
"187","29097","Jasper County, Missouri",45730,1497,39684,1819,68,117,35460,1738,4156,1033,6046,1219
"188","29099","Jefferson County, Missouri",83754,1394,75943,1711,426,259,70759,1895,4758,1028,7811,1278
"189","29165","Platte County, Missouri",37929,1025,35790,1121,77,63,32864,1392,2849,819,2139,558
"190","29183","St. Charles County, Missouri",143152,2185,135843,2426,802,306,126126,2478,8915,1573,7309,1160
"191","29187","St. Francois County, Missouri",24350,1203,20174,1304,68,121,18651,1432,1455,547,4176,851
"192","29189","St. Louis County, Missouri",403271,3995,368153,4985,1220,448,343441,5254,23492,2326,35118,3172
"193","29510","St. Louis city, Missouri",139021,3248,116588,3056,161,126,101504,2974,14923,1952,22433,1770
"194","30013","Cascade County, Montana",33759,967,27799,1214,113,117,24400,1352,3286,842,5960,969
"195","30029","Flathead County, Montana",39279,1534,35467,1723,364,220,32736,1889,2367,830,3812,939
"196","30031","Gallatin County, Montana",39644,1504,36796,1639,251,207,33050,1707,3495,1066,2848,859
"197","30049","Lewis and Clark County, Montana",27283,1043,24702,1281,280,239,22704,1372,1718,715,2581,805
"198","30063","Missoula County, Montana",47725,1317,43637,1596,138,138,40306,1734,3193,882,4088,957
"199","30111","Yellowstone County, Montana",65019,1450,59437,1792,350,215,53430,1783,5657,1288,5582,1208
"200","31055","Douglas County, Nebraska",214073,2230,191342,2769,1686,565,176184,3253,13472,1905,22731,2097
"201","31109","Lancaster County, Nebraska",122027,2130,112619,2630,310,217,104695,2667,7614,1535,9408,1499
"202","31153","Sarpy County, Nebraska",64863,949,60860,1182,71,122,57168,1327,3621,959,4003,949
"203","32003","Clark County, Nevada",755258,5554,688493,6620,3021,734,602508,7958,82964,4809,66765,3860
"204","32031","Washoe County, Nevada",174726,1883,159163,2444,591,369,142165,3036,16407,2086,15563,1605
"205","33005","Cheshire County, New Hampshire",29428,1274,25936,1436,305,211,23734,1550,1897,761,3492,796
"206","33009","Grafton County, New Hampshire",33546,1576,29963,1650,287,226,26874,1706,2802,935,3583,857
"207","33011","Hillsborough County, New Hampshire",158777,1766,147771,2214,558,267,139845,2464,7368,1453,11006,1592
"208","33013","Merrimack County, New Hampshire",57531,1332,52933,1427,305,162,49424,1785,3204,1086,4598,847
"209","33015","Rockingham County, New Hampshire",119688,1929,112516,2232,506,292,105711,2448,6299,1396,7172,1396
"210","33017","Strafford County, New Hampshire",48351,1519,44844,1766,170,177,41070,1990,3604,1119,3507,953
"211","34001","Atlantic County, New Jersey",96777,2551,86019,2929,674,392,75543,2955,9802,1591,10758,1428
"212","34003","Bergen County, New Jersey",337227,2888,312378,3558,574,406,301050,3481,10754,1594,24849,1852
"213","34005","Burlington County, New Jersey",165862,1895,154172,2157,618,320,144209,2611,9345,1456,11690,1413
"214","34007","Camden County, New Jersey",185512,2503,167720,3014,269,210,156047,3178,11404,1684,17792,1787
"215","34009","Cape May County, New Jersey",38895,2016,35261,2052,213,162,32165,2045,2883,674,3634,598
"216","34011","Cumberland County, New Jersey",50787,1533,42952,1981,326,472,36412,2031,6214,1506,7835,1665
"217","34013","Essex County, New Jersey",280734,2584,244810,3606,1107,472,218544,4416,25159,2562,35924,3337
"218","34015","Gloucester County, New Jersey",105436,1724,97667,1771,332,291,91629,2111,5706,1122,7769,1041
"219","34017","Hudson County, New Jersey",253321,2976,227601,2857,341,247,208270,3255,18990,2492,25720,2006
"220","34019","Hunterdon County, New Jersey",47195,1182,43800,1367,518,393,42039,1358,1243,508,3395,888
"221","34021","Mercer County, New Jersey",128332,2175,115100,2355,282,307,100437,2830,14381,1778,13232,1595
"222","34023","Middlesex County, New Jersey",283661,3081,262220,3422,484,274,231809,3739,29927,2573,21441,2202
"223","34025","Monmouth County, New Jersey",230769,3025,212768,3365,849,392,201207,3897,10712,1899,18001,2106
"224","34027","Morris County, New Jersey",181059,1858,170336,2533,693,499,164200,2580,5443,1200,10723,1810
"225","34029","Ocean County, New Jersey",224308,3641,196390,4357,1360,565,178340,4099,16690,2247,27918,2469
"226","34031","Passaic County, New Jersey",163868,2066,143119,2536,697,357,127013,2722,15409,1863,20749,1772
"227","34033","Salem County, New Jersey",24195,963,20541,1154,192,111,17431,1092,2918,834,3654,706
"228","34035","Somerset County, New Jersey",116169,2032,108567,2219,185,233,104883,2210,3499,829,7602,1305
"229","34037","Sussex County, New Jersey",51978,1940,49104,1874,410,304,45541,1731,3153,863,2874,619
"230","34039","Union County, New Jersey",187922,1953,169322,2615,908,434,154006,3010,14408,2108,18600,1893
"231","34041","Warren County, New Jersey",40512,1219,37237,1369,140,124,35192,1449,1905,492,3275,886
"232","35001","Bernalillo County, New Mexico",262328,2956,233826,3697,1510,586,208583,4102,23733,2604,28502,2358
"233","35005","Chaves County, New Mexico",22516,1187,18390,1209,80,98,15163,1302,3147,991,4126,929
"234","35013","Do√±a Ana County, New Mexico",75759,2038,64798,2442,287,253,53585,2425,10926,1862,10961,1640
"235","35025","Lea County, New Mexico",20793,1247,17739,1263,37,59,15795,1249,1907,724,3054,805
"236","35031","McKinley County, New Mexico",20061,676,12368,980,179,196,9518,924,2671,478,7693,885
"237","35035","Otero County, New Mexico",22384,1623,19356,1735,315,195,18017,1752,1024,385,3028,841
"238","35043","Sandoval County, New Mexico",49821,1240,45583,1331,219,138,40178,1633,5186,1249,4238,669
"239","35045","San Juan County, New Mexico",43093,976,34915,1324,208,162,26523,1386,8184,1203,8178,994
"240","35049","Santa Fe County, New Mexico",60096,1582,52937,1704,211,164,46570,1885,6156,1315,7159,1082
"241","35061","Valencia County, New Mexico",26575,1081,21057,1451,150,133,16910,1330,3997,1089,5518,1077
"242","36001","Albany County, New York",125329,2110,113058,2216,236,160,104195,2373,8627,1333,12271,1584
"243","36005","Bronx County, New York",498539,3078,424883,4351,976,451,358222,5342,65685,3502,73656,3994
"244","36007","Broome County, New York",76957,2045,66738,2176,335,226,62030,2220,4373,987,10219,1417
"245","36009","Cattaraugus County, New York",31409,1137,26343,1326,291,170,22458,1305,3594,770,5066,669
"246","36011","Cayuga County, New York",30966,1110,26197,1225,316,208,23881,1307,2000,606,4769,723
"247","36013","Chautauqua County, New York",51705,1835,43342,1843,503,214,38012,1828,4827,1004,8363,1152
"248","36015","Chemung County, New York",34418,1411,30183,1460,188,191,26512,1605,3483,854,4235,765
"249","36019","Clinton County, New York",30624,1203,26834,1295,67,96,23917,1462,2850,782,3790,749
"250","36027","Dutchess County, New York",108200,2382,99426,2716,405,280,93886,2950,5135,1116,8774,1346
"251","36029","Erie County, New York",380473,3446,331880,3555,1299,463,304234,4122,26347,2537,48593,2750
"252","36045","Jefferson County, New York",41415,1556,36935,1744,120,138,33715,1727,3100,764,4480,791
"253","36047","Kings County, New York",941871,4738,821129,6574,4816,1132,736506,7514,79807,4807,120742,4799
"254","36051","Livingston County, New York",23904,915,21477,1166,152,136,19778,1146,1547,591,2427,663
"255","36053","Madison County, New York",25612,1346,22078,1509,43,45,20220,1431,1815,591,3534,704
"256","36055","Monroe County, New York",299224,3017,266936,3858,1467,522,247337,4418,18132,1988,32288,2290
"257","36059","Nassau County, New York",440785,2860,408779,3753,1173,406,393045,3877,14561,2133,32006,2387
"258","36061","New York County, New York",748293,8650,678241,9830,1657,662,619814,10593,56770,4850,70052,4854
"259","36063","Niagara County, New York",86786,2310,74264,2450,783,472,66239,2317,7242,1396,12522,1458
"260","36065","Oneida County, New York",87929,2138,76494,2129,356,213,68862,2412,7276,1465,11435,1337
"261","36067","Onondaga County, New York",182984,3063,161145,3414,505,327,140274,3402,20366,2295,21839,2332
"262","36069","Ontario County, New York",45187,1314,40949,1440,268,170,38123,1304,2558,608,4238,766
"263","36071","Orange County, New York",124365,2193,107971,2349,309,225,95394,2833,12268,2027,16394,1633
"264","36075","Oswego County, New York",44633,1313,40202,1521,213,173,37345,1604,2644,728,4431,766
"265","36079","Putnam County, New York",34762,1247,33329,1214,0,192,32449,1338,880,436,1433,503
"266","36081","Queens County, New York",761819,5689,675340,6384,1458,469,616078,7002,57804,3912,86479,3935
"267","36083","Rensselaer County, New York",62816,1588,56322,1919,154,136,52070,1814,4098,997,6494,1002
"268","36085","Richmond County, New York",164289,2449,142650,3044,1373,686,128895,3541,12382,1759,21639,2701
"269","36087","Rockland County, New York",99257,1652,86360,2524,333,199,78146,2319,7881,1642,12897,1982
"270","36089","St. Lawrence County, New York",40479,1519,34816,1745,270,156,32076,1725,2470,664,5663,859
"271","36091","Saratoga County, New York",93703,1741,86255,1928,135,150,81121,2160,4999,1316,7448,1228
"272","36093","Schenectady County, New York",48720,1926,44292,2074,195,164,40852,2212,3245,804,4428,749
"273","36101","Steuben County, New York",38458,1164,33632,1282,271,130,30199,1192,3162,709,4826,653
"274","36103","Suffolk County, New York",474311,4927,437279,5471,1789,545,406640,4963,28850,3016,37032,2848
"275","36105","Sullivan County, New York",25031,1701,20937,1548,192,197,19314,1693,1431,775,4094,899
"276","36109","Tompkins County, New York",37683,1516,35522,1632,0,192,32658,1607,2864,912,2161,554
"277","36111","Ulster County, New York",68298,2281,62237,2394,358,218,57844,2550,4035,917,6061,1249
"278","36113","Warren County, New York",28841,1133,25584,1426,423,206,23152,1415,2009,586,3257,834
"279","36117","Wayne County, New York",37496,901,34116,969,650,356,30473,1274,2993,854,3380,672
"280","36119","Westchester County, New York",342216,2884,311537,3940,789,313,290865,4220,19883,2353,30679,2364
"281","37001","Alamance County, North Carolina",64369,1213,56291,1876,193,153,49775,2043,6323,1263,8078,1269
"282","37019","Brunswick County, North Carolina",54331,2247,48980,2494,291,200,43774,2573,4915,1294,5351,1235
"283","37021","Buncombe County, North Carolina",103127,2304,89839,2988,292,227,81579,3317,7968,1451,13288,1797
"284","37023","Burke County, North Carolina",35211,1403,27790,1761,337,269,24521,1885,2932,870,7421,1158
"285","37025","Cabarrus County, North Carolina",70438,1600,66134,1934,247,187,62259,2232,3628,1065,4304,1042
"286","37027","Caldwell County, North Carolina",32911,1167,26891,1586,113,87,24223,1729,2555,827,6020,1226
"287","37031","Carteret County, North Carolina",27506,1324,24770,1408,40,54,21811,1452,2919,840,2736,650
"288","37035","Catawba County, North Carolina",61618,1514,53801,1865,150,152,50224,2013,3427,946,7817,1109
"289","37037","Chatham County, North Carolina",28568,986,24940,1296,193,232,23293,1414,1454,651,3628,1024
"290","37045","Cleveland County, North Carolina",36405,1576,28479,1760,77,99,23872,1737,4530,1139,7926,1170
"291","37049","Craven County, North Carolina",40297,1433,36860,1560,181,175,33552,1870,3127,1067,3437,803
"292","37051","Cumberland County, North Carolina",124014,2304,111424,2736,517,329,101102,3069,9805,1516,12590,1347
"293","37057","Davidson County, North Carolina",62695,2000,53954,2239,91,122,50419,2400,3444,952,8741,1440
"294","37063","Durham County, North Carolina",123697,1908,113783,2727,265,166,103745,3174,9773,1946,9914,1624
"295","37067","Forsyth County, North Carolina",146219,2576,131166,2992,718,359,117635,3036,12813,1707,15053,1861
"296","37071","Gaston County, North Carolina",82982,1245,71918,1891,418,311,65828,1817,5672,1066,11064,1510
"297","37081","Guilford County, North Carolina",201520,3172,176820,3101,773,305,145540,3673,30507,2814,24700,2461
"298","37085","Harnett County, North Carolina",43960,1230,39932,1363,135,160,34102,1544,5695,978,4028,610
"299","37089","Henderson County, North Carolina",47791,1641,41438,1724,263,222,37924,1726,3251,977,6353,1006
"300","37097","Iredell County, North Carolina",65037,1312,57889,1652,356,212,50978,1898,6555,1125,7148,1052
"301","37101","Johnston County, North Carolina",66254,1768,59374,1921,502,426,48770,2680,10102,1973,6880,1182
"302","37109","Lincoln County, North Carolina",31588,1071,26843,1296,77,92,24927,1394,1839,694,4745,776
"303","37119","Mecklenburg County, North Carolina",399504,3382,375406,3869,875,388,346178,4236,28353,2794,24098,2465
"304","37125","Moore County, North Carolina",38786,1543,33735,1672,356,257,31683,1504,1696,687,5051,903
"305","37127","Nash County, North Carolina",35409,1755,28983,2224,301,274,25621,2345,3061,1077,6426,1284
"306","37129","New Hanover County, North Carolina",92808,2055,84929,2527,265,303,75802,2554,8862,1879,7879,1520
"307","37133","Onslow County, North Carolina",61766,2212,57897,2589,150,175,52887,2829,4860,1322,3869,1287
"308","37135","Orange County, North Carolina",50203,1789,47403,1814,211,197,43028,2046,4164,1221,2800,817
"309","37147","Pitt County, North Carolina",70019,1853,61183,2169,82,110,56854,2370,4247,1285,8836,1366
"310","37151","Randolph County, North Carolina",56793,1278,48186,1677,26,36,43108,1979,5052,1227,8607,1353
"311","37155","Robeson County, North Carolina",45123,984,35419,1252,119,138,24019,1357,11281,1190,9704,975
"312","37157","Rockingham County, North Carolina",38163,1477,29959,1782,104,124,23762,1819,6093,1279,8204,1500
"313","37159","Rowan County, North Carolina",50138,2034,42278,1880,162,132,37914,1945,4202,1064,7860,1473
"314","37161","Rutherford County, North Carolina",26982,1319,21057,1368,77,123,17640,1364,3340,953,5925,1154
"315","37171","Surry County, North Carolina",28261,1086,22394,1176,169,178,16403,1194,5822,1165,5867,742
"316","37179","Union County, North Carolina",74763,1121,70244,1418,227,193,67618,1517,2399,652,4519,832
"317","37183","Wake County, North Carolina",387771,4888,370599,5205,1340,671,352383,4932,16876,2428,17172,2086
"318","37191","Wayne County, North Carolina",47240,1353,39443,1751,149,152,36474,1811,2820,973,7797,1310
"319","37193","Wilkes County, North Carolina",28771,1344,24361,1559,201,180,21112,1535,3048,997,4410,1042
"320","37195","Wilson County, North Carolina",30897,1331,25994,1415,101,104,22258,1543,3635,899,4903,914
"321","38015","Burleigh County, North Dakota",39075,1081,35806,1345,0,155,32677,1505,3129,972,3269,915
"322","38017","Cass County, North Dakota",76206,1441,70845,1859,186,199,65374,2145,5285,1565,5361,1130
"323","38035","Grand Forks County, North Dakota",30045,1069,27210,1307,76,120,24070,1455,3064,1002,2835,774
"324","38101","Ward County, North Dakota",27803,1490,25969,1603,84,74,24484,1643,1401,701,1834,640
"325","39003","Allen County, Ohio",39982,1213,34500,1257,345,229,30488,1426,3667,982,5482,856
"326","39007","Ashtabula County, Ohio",38728,1250,31471,1349,214,172,28790,1541,2467,920,7257,1022
"327","39009","Athens County, Ohio",21732,1142,18851,1368,91,117,16148,1279,2612,751,2881,673
"328","39013","Belmont County, Ohio",27240,929,22088,1006,113,115,19718,1184,2257,671,5152,824
"329","39017","Butler County, Ohio",137314,2256,125121,2614,483,287,117244,2772,7394,1237,12193,1795
"330","39023","Clark County, Ohio",54548,1391,47276,1324,136,102,43276,1554,3864,869,7272,856
"331","39025","Clermont County, Ohio",77925,1403,70941,1749,649,356,64067,2011,6225,1381,6984,1090
"332","39029","Columbiana County, Ohio",41469,1478,35697,1643,188,193,31026,1659,4483,1117,5772,956
"333","39035","Cuyahoga County, Ohio",534355,4530,462939,6165,1786,414,409967,6407,51186,3348,71416,3740
"334","39041","Delaware County, Ohio",68617,1091,65909,1232,67,116,63730,1429,2112,645,2708,691
"335","39043","Erie County, Ohio",30682,1432,26525,1378,75,128,24608,1500,1842,695,4157,961
"336","39045","Fairfield County, Ohio",55614,1284,50847,1493,284,226,47169,1745,3394,919,4767,819
"337","39049","Franklin County, Ohio",502932,4081,464927,4813,886,405,432990,5362,31051,3102,38005,2936
"338","39055","Geauga County, Ohio",35519,658,30339,1029,100,85,28234,1208,2005,723,5180,858
"339","39057","Greene County, Ohio",63908,1457,58730,1646,44,76,54498,1835,4188,978,5178,928
"340","39061","Hamilton County, Ohio",335907,3583,296847,4293,1941,684,272215,4640,22691,2856,39060,2575
"341","39063","Hancock County, Ohio",31693,936,28117,1246,340,365,26062,1334,1715,588,3576,825
"342","39081","Jefferson County, Ohio",26971,1186,21460,1207,0,189,19663,1223,1797,485,5511,727
"343","39085","Lake County, Ohio",96325,1424,87298,1854,249,296,82853,2204,4196,907,9027,1126
"344","39089","Licking County, Ohio",62898,1554,56481,1740,359,277,51868,2112,4254,1174,6417,881
"345","39093","Lorain County, Ohio",117871,2165,104927,2491,385,206,97196,2730,7346,1222,12944,1527
"346","39095","Lucas County, Ohio",180217,2346,159647,2885,467,265,146608,3240,12572,1910,20570,1925
"347","39099","Mahoning County, Ohio",96998,2259,82509,2173,443,352,76522,2228,5544,1069,14489,1407
"348","39101","Marion County, Ohio",25114,1713,21371,1752,164,168,18324,1712,2883,1041,3743,877
"349","39103","Medina County, Ohio",67812,1365,62259,1690,292,244,58836,1880,3131,975,5553,1075
"350","39109","Miami County, Ohio",41313,1173,36569,1411,179,167,34413,1409,1977,648,4744,882
"351","39113","Montgomery County, Ohio",223131,3179,196525,3339,865,389,181645,3602,14015,1756,26606,1943
"352","39119","Muskingum County, Ohio",34169,1315,29020,1579,308,289,24294,1786,4418,1176,5149,982
"353","39133","Portage County, Ohio",62468,1678,55603,1959,118,122,49051,2180,6434,1394,6865,1287
"354","39139","Richland County, Ohio",48437,1420,40944,1645,138,156,35164,1861,5642,1326,7493,1087
"355","39141","Ross County, Ohio",28710,1156,24641,1372,0,189,20946,1430,3695,1190,4069,740
"356","39145","Scioto County, Ohio",29904,1206,24353,1423,1318,483,19559,1493,3476,993,5551,905
"357","39151","Stark County, Ohio",152129,1952,134450,2401,1216,465,124162,2514,9072,1277,17679,1930
"358","06029","Kern County, California",270359,3011,233939,4062,621,302,213868,4447,19450,2482,36420,2889
"359","06031","Kings County, California",43090,1044,38818,1411,69,94,34135,1686,4614,949,4272,878
"360","06033","Lake County, California",24593,1484,20752,1585,104,127,17842,1687,2806,874,3841,901
"361","06037","Los Angeles County, California",3305589,8089,3007431,9799,9340,1230,2716680,11110,281411,7297,298158,7115
"362","06039","Madera County, California",44369,1495,39168,1724,218,194,33198,1742,5752,1395,5201,975
"363","06041","Marin County, California",106333,1579,99561,2064,294,188,96386,2114,2881,752,6772,1540
"364","06045","Mendocino County, California",35439,1083,31354,1318,419,292,28163,1419,2772,850,4085,895
"365","06047","Merced County, California",77713,1471,70000,1762,779,537,62458,1826,6763,1293,7713,1219
"366","06053","Monterey County, California",125740,2166,108042,2695,438,329,100338,2576,7266,1370,17698,2032
"367","06055","Napa County, California",49561,1328,45602,1489,138,122,42551,1549,2913,802,3959,938
"368","06057","Nevada County, California",38708,1911,35320,1952,45,73,32529,2002,2746,762,3388,963
"369","06059","Orange County, California",1032218,5228,980222,5784,2526,722,928682,6779,49014,3449,51996,3231
"370","06061","Placer County, California",139104,2002,132028,2279,210,161,124425,2247,7393,1263,7076,1140
"371","06065","Riverside County, California",715040,4938,655409,5709,1482,614,605028,6095,48899,3395,59631,3518
"372","06067","Sacramento County, California",535090,3201,499983,3555,1588,604,461107,4658,37288,3159,35107,2558
"373","06071","San Bernardino County, California",633173,4114,581825,4336,1543,542,524842,5366,55440,4171,51348,3598
"374","06073","San Diego County, California",1110568,6697,1049390,7545,1888,747,979132,8282,68370,4713,61178,3349
"375","06075","San Francisco County, California",358703,4561,331856,4838,1227,464,311226,5667,19403,2277,26847,2753
"376","06077","San Joaquin County, California",227186,2066,200581,3018,413,203,183136,3130,17032,1816,26605,2387
"377","06079","San Luis Obispo County, California",106312,2380,98852,2417,596,375,90862,2442,7394,1762,7460,1431
"378","06081","San Mateo County, California",263445,2321,251322,2871,413,212,238448,3255,12461,1994,12123,1534
"379","06083","Santa Barbara County, California",142449,2099,130247,2604,1492,828,121529,2699,7226,1286,12202,1710
"380","06085","Santa Clara County, California",635687,3094,607619,3621,1634,514,575642,4671,30343,3375,28068,2492
"381","06087","Santa Cruz County, California",96257,1860,89028,2338,208,200,84022,2473,4798,1247,7229,1518
"382","06089","Shasta County, California",72095,1299,64465,1400,572,362,56345,1716,7548,1300,7630,977
"383","06095","Solano County, California",149172,1723,140001,1852,43,33,133656,2293,6302,1288,9171,1401
"384","06097","Sonoma County, California",187504,2620,173568,3139,658,340,162810,3233,10100,1760,13936,2066
"385","06099","Stanislaus County, California",172881,1805,155940,2784,414,239,142437,3272,13089,1820,16941,1973
"386","06101","Sutter County, California",32345,817,28158,1237,234,167,25971,1330,1953,552,4187,974
"387","06107","Tulare County, California",135648,1649,119432,2367,521,403,105708,2554,13203,1681,16216,1762
"388","06111","Ventura County, California",268091,2469,246321,3319,745,344,230691,3690,14885,1922,21770,1992
"389","06113","Yolo County, California",73055,1314,68421,1566,273,231,63321,2100,4827,1307,4634,998
"390","06115","Yuba County, California",26699,679,24016,1007,160,187,21228,1156,2628,773,2683,804
"391","08001","Adams County, Colorado",163122,1428,152148,2007,500,281,136722,2636,14926,1763,10974,1472
"392","08005","Arapahoe County, Colorado",235942,2086,223656,2683,849,382,207153,2937,15654,2014,12286,1872
"393","08013","Boulder County, Colorado",123820,2004,118274,2129,185,171,111736,2505,6353,1333,5546,1021
"394","08014","Broomfield County, Colorado",26269,479,25672,509,31,50,24768,689,873,487,597,256
"395","08031","Denver County, Colorado",292003,2724,272808,3663,881,447,248848,3853,23079,2741,19195,2437
"396","08035","Douglas County, Colorado",120125,1373,118203,1615,244,168,115129,1750,2830,798,1922,647
"397","08041","El Paso County, Colorado",257508,2763,245393,3180,1241,550,232635,3129,11517,1462,12115,1742
"398","08059","Jefferson County, Colorado",230890,1877,218200,2480,1398,429,207876,2797,8926,1286,12690,1719
"399","08069","Larimer County, Colorado",131407,1911,125808,2019,523,298,115210,2634,10075,1716,5599,1003
"400","08077","Mesa County, Colorado",60188,1483,55559,1756,315,254,52288,1948,2956,769,4629,1012
"401","08101","Pueblo County, Colorado",62275,1632,54407,1925,284,179,47801,2215,6322,1285,7868,1279
"402","08123","Weld County, Colorado",102087,1317,94594,1445,256,149,85933,2019,8405,1593,7493,1026
"403","09001","Fairfield County, Connecticut",335318,3387,306332,3849,754,351,288031,4477,17547,2328,28986,2711
"404","09003","Hartford County, Connecticut",350369,2526,307961,3722,1251,530,283569,3937,23141,2652,42408,2791
"405","09005","Litchfield County, Connecticut",74105,1681,67806,1682,316,215,63225,2099,4265,970,6299,911
"406","09007","Middlesex County, Connecticut",66002,1801,58518,2043,80,94,55971,2150,2467,735,7484,1374
"407","09009","New Haven County, Connecticut",327560,3536,288870,4392,2536,912,265850,4779,20484,2638,38690,3226
"408","09011","New London County, Connecticut",105113,2058,94664,2427,360,206,89386,2628,4918,1061,10449,1516
"409","09013","Tolland County, Connecticut",54068,1539,49014,1907,144,122,45907,1999,2963,1061,5054,1227
"410","09015","Windham County, Connecticut",44734,1183,38645,1643,240,177,36034,1597,2371,756,6089,1236
"411","10001","Kent County, Delaware",64452,1537,58140,1931,80,128,54208,2171,3852,916,6312,1107
"412","10003","New Castle County, Delaware",203782,2314,187388,2893,416,220,171764,3405,15208,1855,16394,1722
"413","10005","Sussex County, Delaware",82851,2545,72980,2643,200,172,64515,2450,8265,1452,9871,1272
"414","11001","District of Columbia, District of Columbia",281241,3152,252726,3982,214,196,222327,4354,30185,3050,28515,3099
"415","12001","Alachua County, Florida",94428,3539,85282,3435,264,181,78154,3333,6864,1141,9146,1342
"416","12005","Bay County, Florida",70330,2729,63986,2831,230,168,59109,2831,4647,908,6344,1274
"417","12009","Brevard County, Florida",226021,4123,206379,4509,792,420,194035,4670,11552,1806,19642,2440
"418","12011","Broward County, Florida",681474,7066,631091,7613,1728,492,559321,7506,70042,5025,50383,3822
"419","12015","Charlotte County, Florida",75147,2941,68520,3054,674,400,62981,3001,4865,1023,6627,1363
"420","12017","Citrus County, Florida",63581,2500,55340,2712,330,295,50006,2784,5004,1586,8241,1641
"421","12019","Clay County, Florida",74130,1242,69251,1640,154,216,65095,2111,4002,1160,4879,1157
"422","12021","Collier County, Florida",139522,4307,130083,4444,966,846,116379,4371,12738,1702,9439,1568
"423","12023","Columbia County, Florida",24215,1165,21166,1349,144,141,19372,1420,1650,710,3049,902
"424","12031","Duval County, Florida",353946,4959,320979,5207,925,474,285564,4974,34490,3385,32967,3089
"425","12033","Escambia County, Florida",118702,2712,106779,2981,370,239,98506,3017,7903,1580,11923,1460
"426","12035","Flagler County, Florida",41311,1902,36319,1850,188,162,31611,1999,4520,1306,4992,1085
"427","12053","Hernando County, Florida",74262,2002,67345,2021,145,144,60889,2267,6311,1411,6917,1266
"428","12055","Highlands County, Florida",38808,2109,29926,2031,613,374,26635,1946,2678,1097,8882,1526
"429","12057","Hillsborough County, Florida",514487,5129,476499,6329,1323,454,438945,6671,36231,3367,37988,3207
"430","12061","Indian River County, Florida",55427,2857,48181,2809,79,96,45515,2652,2587,754,7246,1454
"431","12069","Lake County, Florida",128888,3114,115676,3028,682,457,107662,3141,7332,1517,13212,2003
"432","12071","Lee County, Florida",261735,5295,240887,5166,2247,1031,212406,5122,26234,2875,20848,2437
"433","12073","Leon County, Florida",112119,2406,106353,2464,508,307,98488,2917,7357,1438,5766,1153
"434","12081","Manatee County, Florida",142465,2824,129025,3064,495,319,114332,3080,14198,2203,13440,1766
"435","12083","Marion County, Florida",134239,3539,115000,3675,942,641,102327,4095,11731,2029,19239,2622
"436","12085","Martin County, Florida",62976,2406,57757,2259,131,175,50875,2430,6751,1275,5219,1245
"437","12086","Miami-Dade County, Florida",880766,6091,775461,6696,2662,856,651666,7388,121133,5707,105305,4707
"438","12087","Monroe County, Florida",30318,1827,27609,1731,0,221,25047,1723,2562,771,2709,607
"439","12089","Nassau County, Florida",30547,1471,28404,1755,479,636,25874,1943,2051,1062,2143,1040
"440","12091","Okaloosa County, Florida",76102,2334,69986,2507,526,295,62592,2695,6868,1484,6116,1338
"441","12095","Orange County, Florida",468515,4842,434556,5612,520,289,399576,6647,34460,3570,33959,3559
"442","12097","Osceola County, Florida",97569,3624,87731,3830,407,289,79788,3678,7536,1457,9838,2131
"443","12099","Palm Beach County, Florida",536446,6570,491343,6419,2257,730,449958,6282,39128,3626,45103,2950
"444","12101","Pasco County, Florida",195628,2957,172790,3203,1246,467,151987,3523,19557,2225,22838,2338
"445","12103","Pinellas County, Florida",407268,5562,364560,6722,1705,597,330444,7277,32411,3160,42708,3490
"446","12105","Polk County, Florida",226429,3850,189454,3858,866,530,145098,3889,43490,3705,36975,2978
"447","12107","Putnam County, Florida",28025,1357,21796,1610,205,154,18843,1438,2748,774,6229,1160
"448","12109","St. Johns County, Florida",84187,2400,78429,2780,521,240,71561,2734,6347,1993,5758,1579
"449","12111","St. Lucie County, Florida",111617,3321,98991,3696,792,513,91071,4012,7128,1468,12626,2222
"450","12113","Santa Rosa County, Florida",61817,1845,59176,1823,319,304,56558,1713,2299,862,2641,614
"451","12115","Sarasota County, Florida",176191,4327,159222,4564,577,311,146124,4773,12521,2166,16969,2119
"452","12117","Seminole County, Florida",167549,2524,158236,3124,1054,619,149197,3016,7985,1427,9313,1627
"453","12119","Sumter County, Florida",51781,2926,47538,2780,481,469,43952,2939,3105,1014,4243,936
"454","12127","Volusia County, Florida",214039,4010,189681,4490,1201,453,161793,4471,26687,2674,24358,2308
"455","12131","Walton County, Florida",27207,2120,23988,2110,0,221,21553,1930,2435,852,3219,1011
"456","13013","Barrow County, Georgia",24865,971,22685,1005,157,232,20933,1076,1595,557,2180,625
"457","13015","Bartow County, Georgia",36430,1317,32601,1534,47,67,30951,1450,1603,519,3829,882
"458","13021","Bibb County, Georgia",57692,1763,47706,1939,102,122,41964,1944,5640,1285,9986,1292
"459","13031","Bulloch County, Georgia",26411,1512,23107,1491,56,79,20308,1535,2743,951,3304,818
"460","13045","Carroll County, Georgia",40516,1473,36416,1680,33,56,33012,1974,3371,950,4100,978
"461","13047","Catoosa County, Georgia",24743,1128,22303,1173,344,384,20716,1071,1243,537,2440,927
"462","13051","Chatham County, Georgia",110185,1840,101154,2005,255,210,93603,2514,7296,1475,9031,1279
"463","13057","Cherokee County, Georgia",84088,1934,79575,1973,505,498,77511,2084,1559,860,4513,1235
"464","13059","Clarke County, Georgia",47563,1363,42999,1466,133,148,37496,1925,5370,1149,4564,1062
"465","13063","Clayton County, Georgia",94346,2051,88434,2284,397,257,75597,2997,12440,1981,5912,1167
"466","13067","Cobb County, Georgia",277949,2711,265254,3020,1011,523,249747,3666,14496,2289,12695,1834
"467","13073","Columbia County, Georgia",47513,1934,45208,2014,63,116,38371,2528,6774,2029,2305,914
"468","13077","Coweta County, Georgia",50503,1202,46349,1369,187,183,43695,1479,2467,830,4154,1024
"469","13089","DeKalb County, Georgia",281356,3760,262790,4133,661,434,234839,5116,27290,3397,18566,2136
"470","13095","Dougherty County, Georgia",34264,1537,28704,1817,0,218,24293,1970,4411,1070,5560,1022
"471","13097","Douglas County, Georgia",48901,1209,45812,1383,0,218,34206,1963,11606,2086,3089,918
"472","13113","Fayette County, Georgia",40046,922,37584,1150,108,126,34987,1412,2489,873,2462,722
"473","13115","Floyd County, Georgia",35411,1199,30386,1433,0,218,28054,1439,2332,661,5025,971
"474","13117","Forsyth County, Georgia",72208,1311,69241,1394,171,155,65828,1573,3242,925,2967,652
"475","13121","Fulton County, Georgia",396184,4547,367120,4565,344,378,337180,5245,29596,3300,29064,2625
"476","13127","Glynn County, Georgia",31757,2289,27314,2165,32,53,25184,2120,2098,793,4443,1093
"477","13135","Gwinnett County, Georgia",290405,2752,277786,3258,729,367,253878,4448,23179,3205,12619,2161
"478","13139","Hall County, Georgia",62038,1709,55953,1989,96,118,51665,2025,4192,1014,6085,1115
"479","13151","Henry County, Georgia",74473,1560,71429,1937,97,159,66411,2363,4921,1418,3044,1012
"480","13153","Houston County, Georgia",55901,1389,51573,1624,153,180,45390,2524,6030,1877,4328,992
"481","13179","Liberty County, Georgia",22952,1001,21723,1057,24,43,19094,1166,2605,811,1229,465
"482","13185","Lowndes County, Georgia",40835,1341,34900,1637,90,90,29931,1857,4879,1348,5935,1023
"483","13215","Muscogee County, Georgia",73051,2017,63060,2311,33,54,56493,2466,6534,1272,9991,1266
"484","13217","Newton County, Georgia",35825,1090,32344,1327,0,218,28216,1741,4128,1200,3481,1024
"485","13223","Paulding County, Georgia",53249,1006,50577,1327,0,218,45961,1830,4616,1472,2672,809
"486","13245","Richmond County, Georgia",75909,2070,65151,2388,255,266,56393,2759,8503,1810,10758,1383
"487","13247","Rockdale County, Georgia",30381,1165,28593,1532,0,218,22462,1728,6131,1577,1788,744
"488","13285","Troup County, Georgia",24493,1292,20301,1433,56,93,17248,1489,2997,813,4192,1111
"489","13295","Walker County, Georgia",25110,1422,22003,1389,220,196,18962,1434,2821,935,3107,760
"490","13297","Walton County, Georgia",30715,1037,27709,1397,176,159,24219,1486,3314,1097,3006,815
"491","13313","Whitfield County, Georgia",35858,1376,30589,1781,245,215,28098,1627,2246,841,5269,1207
"492","15001","Hawaii County, Hawaii",69818,1668,61869,1863,270,300,52118,2258,9481,1468,7949,1518
"493","15003","Honolulu County, Hawaii",309169,3715,283107,4198,551,240,261891,4285,20665,2328,26062,2215
"494","15007","Kauai County, Hawaii",23214,1021,20706,1362,592,401,18643,1364,1471,457,2508,732
"495","15009","Maui County, Hawaii",53612,1945,49407,1985,13,22,44546,2106,4848,1232,4205,892
"496","16001","Ada County, Idaho",167026,2212,147944,3601,713,526,124491,4255,22740,3278,19082,3065
"497","16005","Bannock County, Idaho",30106,1132,27375,1307,114,108,25715,1305,1546,630,2731,737
"498","16019","Bonneville County, Idaho",38464,1040,36464,1125,189,155,34383,1318,1892,624,2000,665
"499","16027","Canyon County, Idaho",69859,1249,64314,1508,448,276,57773,1826,6093,1529,5545,1127
"500","16055","Kootenai County, Idaho",58875,1834,53344,2131,177,170,48569,2313,4598,1274,5531,1394
"501","16083","Twin Falls County, Idaho",30119,865,27330,1080,0,198,25749,1198,1581,493,2789,825
"502","17001","Adams County, Illinois",27414,734,23338,1035,67,107,20908,1240,2363,885,4076,809
"503","17019","Champaign County, Illinois",81856,2468,75633,2796,263,207,66274,2732,9096,1524,6223,1563
"504","17031","Cook County, Illinois",1963973,8769,1744191,8028,6830,1152,1567983,9831,169378,6946,219782,6290
"505","17037","DeKalb County, Illinois",36690,1355,34333,1546,109,102,32202,1498,2022,791,2357,554
"506","17043","DuPage County, Illinois",341320,2393,316750,3182,559,310,304682,3267,11509,1523,24570,1909
"507","17089","Kane County, Illinois",175360,2537,162948,3116,810,434,150843,3331,11295,2004,12412,1883
"508","17091","Kankakee County, Illinois",39314,1235,34776,1316,11,18,30912,1517,3853,892,4538,698
"509","17093","Kendall County, Illinois",40752,620,39247,947,86,91,37350,1371,1811,969,1505,745
"510","17097","Lake County, Illinois",244390,2370,228528,2747,714,283,216417,2960,11397,1552,15862,1755
"511","17099","LaSalle County, Illinois",44753,1080,38088,1738,269,179,35615,1816,2204,699,6665,1292
"512","17111","McHenry County, Illinois",110717,1470,104585,1780,568,354,101364,1742,2653,803,6132,1174
"513","17113","McLean County, Illinois",65644,1378,61178,1606,213,154,54384,1988,6581,1396,4466,825
"514","17115","Macon County, Illinois",44002,1353,37601,1478,188,176,34935,1520,2478,667,6401,987
"515","17119","Madison County, Illinois",105465,2808,94404,2887,655,379,86807,2953,6942,1230,11061,1284
"516","17143","Peoria County, Illinois",73209,1808,63487,1874,714,379,55711,1936,7062,1151,9722,1270
"517","17161","Rock Island County, Illinois",60206,1162,53756,1346,186,142,49000,1827,4570,1033,6450,974
"518","17163","St. Clair County, Illinois",104782,2295,90927,2630,444,270,78076,2802,12407,2033,13855,1755
"519","17167","Sangamon County, Illinois",82959,1528,72963,1680,399,208,66769,1970,5795,1370,9996,1159
"520","17179","Tazewell County, Illinois",56051,919,48720,1450,272,226,45907,1573,2541,764,7331,1279
"521","17183","Vermilion County, Illinois",31928,1221,26401,1143,231,210,24020,1309,2150,558,5527,812
"522","17197","Will County, Illinois",228068,2414,212485,2572,883,490,201588,3060,10014,1521,15583,1413
"523","17199","Williamson County, Illinois",26761,1084,21775,1166,223,162,19855,1390,1697,763,4986,958
"524","17201","Winnebago County, Illinois",114996,1992,101379,2233,572,261,93062,2464,7745,1318,13617,1598
"525","18003","Allen County, Indiana",142762,2009,128914,2391,395,213,118645,2764,9874,1257,13848,1768
"526","18005","Bartholomew County, Indiana",31626,953,28059,1239,66,83,24928,1418,3065,1010,3567,741
"527","18019","Clark County, Indiana",42498,1548,37489,1709,49,85,33615,1785,3825,1117,5009,896
"528","18035","Delaware County, Indiana",46720,1458,40610,1649,241,200,35711,1929,4658,1119,6110,976
"529","18039","Elkhart County, Indiana",72487,1467,61414,2052,602,293,54548,2236,6264,1294,11073,1467
"530","18043","Floyd County, Indiana",29199,967,25236,1174,121,143,22337,1347,2778,828,3963,757
"531","18053","Grant County, Indiana",26528,1025,22261,1253,333,194,17001,1265,4927,1127,4267,859
"532","18057","Hamilton County, Indiana",118521,1707,114630,1791,376,271,110724,2226,3530,1241,3891,1086
"533","18059","Hancock County, Indiana",27968,810,25244,1147,165,207,22709,1319,2370,1074,2724,824
"534","18063","Hendricks County, Indiana",58677,1238,55372,1415,311,233,50434,1990,4627,1391,3305,808
"535","18067","Howard County, Indiana",34195,1167,30358,1258,268,208,27148,1263,2942,788,3837,856
"536","18081","Johnson County, Indiana",54542,1630,50081,2194,468,324,45582,2399,4031,1302,4461,1303
"537","18085","Kosciusko County, Indiana",30494,1012,26817,1341,188,137,23684,1387,2945,720,3677,900
"538","18089","Lake County, Indiana",185575,2341,159716,2824,1204,549,145159,3288,13353,1586,25859,1805
"539","18091","LaPorte County, Indiana",42074,1553,37485,1833,141,146,33752,2065,3592,918,4589,1019
"540","18095","Madison County, Indiana",50964,1484,43629,1530,288,246,39451,1526,3890,864,7335,1075
"541","18097","Marion County, Indiana",368349,3531,319454,4888,686,300,288249,5370,30519,3025,48895,3152
"542","18105","Monroe County, Indiana",54513,1571,51179,1898,324,272,45264,1902,5591,1234,3334,862
"543","18109","Morgan County, Indiana",25881,941,24221,1035,194,184,21644,1364,2383,892,1660,603
"544","18127","Porter County, Indiana",62986,1607,57842,1901,278,212,52537,2337,5027,1002,5144,1008
"545","18141","St. Joseph County, Indiana",97071,2206,79869,2776,493,248,71535,2911,7841,1417,17202,1934
"546","18157","Tippecanoe County, Indiana",68405,1780,63564,2155,145,200,57548,2141,5871,1191,4841,1048
"547","18163","Vanderburgh County, Indiana",74968,1879,65693,2449,65,93,57601,2445,8027,1640,9275,1503
"548","18167","Vigo County, Indiana",40328,1505,35108,1603,424,281,32228,1698,2456,769,5220,887
"549","18177","Wayne County, Indiana",26538,1149,22461,1333,294,261,18359,1462,3808,792,4077,930
"550","19013","Black Hawk County, Iowa",52479,1390,46091,1533,300,208,41451,1616,4340,919,6388,856
"551","19049","Dallas County, Iowa",33180,729,31453,891,103,109,29311,1235,2039,872,1727,522
"552","19061","Dubuque County, Iowa",37710,1062,33597,1188,286,199,31063,1313,2248,659,4113,660
"553","19103","Johnson County, Iowa",57217,1936,54013,2090,192,216,50535,2040,3286,803,3204,826
"554","19113","Linn County, Iowa",89173,2138,80996,2491,523,270,73169,2685,7304,1713,8177,1275
"555","19153","Polk County, Iowa",182537,2636,169072,2851,1265,401,154574,2733,13233,1690,13465,1505
"556","19155","Pottawattamie County, Iowa",36094,1075,31358,1333,246,146,27581,1528,3531,944,4736,751
"557","19163","Scott County, Iowa",66527,1677,55708,1837,581,320,50419,1875,4708,1020,10819,1405
"558","19169","Story County, Iowa",37350,985,35362,1110,190,155,28303,1526,6869,1392,1988,583
"559","19193","Woodbury County, Iowa",38637,1218,34458,1548,353,270,29057,1591,5048,1297,4179,872
"560","20015","Butler County, Kansas",24266,904,21509,1120,115,172,19593,1176,1801,536,2757,787
"561","39153","Summit County, Ohio",222202,2934,189104,3984,2365,937,174130,3453,12609,1655,33098,3140
"562","39155","Trumbull County, Ohio",85799,1744,72179,2016,389,232,64779,2302,7011,1339,13620,1447
"563","39157","Tuscarawas County, Ohio",34968,1304,28582,1469,329,224,25625,1495,2628,746,6386,969
"564","39165","Warren County, Ohio",82404,1178,77250,1271,93,107,73532,1560,3625,1062,5154,870
"565","39169","Wayne County, Ohio",43277,1009,37267,1316,222,152,34769,1262,2276,561,6010,936
"566","39173","Wood County, Ohio",50175,1221,45856,1545,357,234,42203,1688,3296,943,4319,969
"567","40017","Canadian County, Oklahoma",44235,1000,41096,1276,57,70,36584,1361,4455,832,3139,861
"568","40027","Cleveland County, Oklahoma",105102,2170,98000,2545,394,254,90871,2771,6735,1370,7102,1262
"569","40031","Comanche County, Oklahoma",42986,1636,38779,1903,51,89,36756,1891,1972,528,4207,916
"570","40037","Creek County, Oklahoma",25658,635,21407,838,141,97,19502,902,1764,503,4251,560
"571","40101","Muskogee County, Oklahoma",26000,853,22125,974,180,187,18142,954,3803,618,3875,582
"572","40109","Oklahoma County, Oklahoma",300690,3262,269291,4202,471,239,246062,4478,22758,2444,31399,2778
"573","40119","Payne County, Oklahoma",30657,1115,27462,1486,12,21,25233,1593,2217,575,3195,912
"574","40125","Pottawatomie County, Oklahoma",25547,769,21898,871,41,70,17282,1027,4575,607,3649,605
"575","40131","Rogers County, Oklahoma",34130,645,30765,721,196,137,27114,900,3455,532,3365,503
"576","40143","Tulsa County, Oklahoma",254473,1476,231458,2265,813,337,210820,2456,19825,1588,23015,1878
"577","40145","Wagoner County, Oklahoma",28289,618,26317,703,116,116,24456,779,1745,480,1972,532
"578","41003","Benton County, Oregon",34543,1077,33370,1206,92,109,31043,1400,2235,811,1173,498
"579","41005","Clackamas County, Oregon",154070,1986,144638,2631,727,487,136982,2675,6929,1283,9432,1455
"580","41017","Deschutes County, Oregon",71262,1966,66075,2447,856,586,60767,2745,4452,1319,5187,1459
"581","41019","Douglas County, Oregon",43818,1380,39168,1537,445,267,35333,1656,3390,939,4650,903
"582","41029","Jackson County, Oregon",86745,1916,79182,2359,556,324,73300,2524,5326,1148,7563,1213
"583","41033","Josephine County, Oregon",35439,1093,30095,1605,139,108,27333,1714,2623,993,5344,1158
"584","41035","Klamath County, Oregon",26359,1213,22791,1262,50,87,19529,1397,3212,837,3568,838
"585","41039","Lane County, Oregon",147712,2024,136624,2410,764,355,122217,2514,13643,2109,11088,1526
"586","41043","Linn County, Oregon",46645,1122,40762,1446,341,248,37366,1593,3055,1030,5883,1164
"587","41047","Marion County, Oregon",116787,1920,105189,2528,700,375,95982,2890,8507,1689,11598,1965
"588","41051","Multnomah County, Oregon",320476,3269,299842,3585,1237,562,278016,3851,20589,2542,20634,2016
"589","41053","Polk County, Oregon",29291,891,27455,1080,410,404,24725,1196,2320,823,1836,741
"590","41059","Umatilla County, Oregon",25900,1064,22633,1323,34,42,20609,1255,1990,759,3267,861
"591","41067","Washington County, Oregon",213820,2466,203311,2705,1138,609,192678,3275,9495,1566,10509,1894
"592","41071","Yamhill County, Oregon",35832,1053,32898,1365,371,286,28931,1626,3596,1246,2934,903
"593","42001","Adams County, Pennsylvania",38125,1120,32510,1238,331,208,30010,1214,2169,484,5615,774
"594","42003","Allegheny County, Pennsylvania",528892,4428,468573,4761,1875,476,435845,5062,30853,2098,60319,2970
"595","42005","Armstrong County, Pennsylvania",26105,1046,21101,1058,175,105,18461,1047,2465,557,5004,714
"596","42007","Beaver County, Pennsylvania",68811,1590,57751,1813,589,301,52694,1884,4468,1073,11060,1307
"597","42011","Berks County, Pennsylvania",150402,2168,132657,2368,961,375,124404,2484,7292,1374,17745,1528
"598","42013","Blair County, Pennsylvania",51154,1222,40778,1798,129,139,37813,1784,2836,655,10376,1093
"599","42017","Bucks County, Pennsylvania",234126,2116,215038,2833,823,356,203416,2761,10799,1807,19088,1998
"600","42019","Butler County, Pennsylvania",75472,1271,67196,1541,644,290,63403,1642,3149,637,8276,1139
"601","42021","Cambria County, Pennsylvania",56443,1390,45820,1528,322,175,41531,1712,3967,861,10623,1030
"602","42025","Carbon County, Pennsylvania",25986,1507,22418,1529,105,140,20844,1545,1469,705,3568,743
"603","42027","Centre County, Pennsylvania",57410,1622,53174,1829,195,195,48849,1969,4130,982,4236,691
"604","42029","Chester County, Pennsylvania",187188,1987,171401,2348,617,301,161842,2619,8942,1427,15787,1572
"605","42033","Clearfield County, Pennsylvania",29061,1313,23413,1364,287,185,20575,1355,2551,723,5648,876
"606","42037","Columbia County, Pennsylvania",26531,784,22492,950,172,107,20395,1027,1925,669,4039,641
"607","42039","Crawford County, Pennsylvania",33955,1132,28142,1276,264,123,25663,1222,2215,497,5813,770
"608","42041","Cumberland County, Pennsylvania",96906,1668,86330,1841,662,316,80581,2147,5087,1286,10576,978
"609","42043","Dauphin County, Pennsylvania",111260,2194,98731,2536,215,138,91686,2695,6830,1295,12529,1613
"610","42045","Delaware County, Pennsylvania",205188,2111,186076,2703,844,384,173147,2899,12085,1604,19112,1799
"611","42049","Erie County, Pennsylvania",109705,1868,95216,2383,837,418,85945,2713,8434,1397,14489,1363
"612","42051","Fayette County, Pennsylvania",53662,1759,43867,1855,202,191,39627,2079,4038,971,9795,1318
"613","42055","Franklin County, Pennsylvania",60492,1081,51155,1827,656,371,46784,2161,3715,1014,9337,1501
"614","42063","Indiana County, Pennsylvania",34786,955,27964,1151,319,196,24617,1182,3028,722,6822,857
"615","42069","Lackawanna County, Pennsylvania",86203,1844,71409,2154,509,240,64252,2319,6648,1168,14794,1360
"616","42071","Lancaster County, Pennsylvania",196807,2063,171649,2837,1111,406,153385,3207,17153,2037,25158,2063
"617","42073","Lawrence County, Pennsylvania",35861,921,29465,1128,221,166,26351,1176,2893,632,6396,830
"618","42075","Lebanon County, Pennsylvania",51143,1532,43903,1781,303,247,41259,1638,2341,756,7240,1148
"619","42077","Lehigh County, Pennsylvania",139199,1278,124773,2055,1064,406,112675,2462,11034,1591,14426,1747
"620","42079","Luzerne County, Pennsylvania",124118,2369,102291,2668,878,280,91222,2980,10191,1632,21827,1573
"621","42081","Lycoming County, Pennsylvania",45525,1417,39548,1482,378,209,35571,1549,3599,981,5977,877
"622","42085","Mercer County, Pennsylvania",45630,1336,39517,1237,510,217,36107,1292,2900,594,6113,809
"623","42089","Monroe County, Pennsylvania",57284,2360,51912,2406,651,486,46803,2485,4458,1213,5372,1253
"624","42091","Montgomery County, Pennsylvania",312447,2361,288211,2508,1101,438,275199,2819,11911,1457,24236,1816
"625","42095","Northampton County, Pennsylvania",111760,1913,99508,2159,783,336,92040,2299,6685,1164,12252,1628
"626","42097","Northumberland County, Pennsylvania",38098,1272,29622,1541,218,166,26631,1649,2773,655,8476,1247
"627","42101","Philadelphia County, Pennsylvania",580205,5087,487702,5786,1731,557,424729,6698,61242,4139,92503,3821
"628","42107","Schuylkill County, Pennsylvania",58149,1566,47313,1795,310,172,42896,1729,4107,942,10836,1316
"629","42111","Somerset County, Pennsylvania",29189,1127,22810,1144,167,83,20478,1130,2165,508,6379,644
"630","42125","Washington County, Pennsylvania",83117,1697,71916,1737,225,183,68327,1800,3364,783,11201,1275
"631","42129","Westmoreland County, Pennsylvania",148238,2416,127155,2531,901,353,117254,2411,9000,1392,21083,1935
"632","42133","York County, Pennsylvania",169885,2322,147803,3086,1487,555,137280,3000,9036,1514,22082,1960
"633","44003","Kent County, Rhode Island",67747,1646,60608,2097,164,156,57719,1895,2725,1006,7139,1264
"634","44005","Newport County, Rhode Island",35078,1398,32086,1536,89,105,30185,1589,1812,625,2992,875
"635","44007","Providence County, Rhode Island",235728,3084,203731,3000,266,232,186929,3194,16536,1950,31997,2462
"636","44009","Washington County, Rhode Island",50368,1679,45315,1861,73,94,43847,1906,1395,509,5053,944
"637","45003","Aiken County, South Carolina",66751,1992,58942,2115,358,285,52030,2118,6554,1445,7809,1555
"638","45007","Anderson County, South Carolina",75432,2178,65215,2395,125,117,55585,2607,9505,1803,10217,1441
"639","45013","Beaufort County, South Carolina",67932,2595,63124,2806,308,244,56478,2608,6338,1634,4808,1464
"640","45015","Berkeley County, South Carolina",75202,1439,67608,2046,134,164,62331,2402,5143,1430,7594,1481
"641","45019","Charleston County, South Carolina",156836,3103,142107,3252,428,216,121570,3744,20109,2513,14729,1798
"642","45031","Darlington County, South Carolina",25924,1169,19112,1512,67,119,17329,1546,1716,564,6812,1007
"643","45035","Dorchester County, South Carolina",55324,1276,50741,1597,206,190,44481,2048,6054,1365,4583,1127
"644","45041","Florence County, South Carolina",50193,1743,41594,1887,148,168,34628,1844,6818,1218,8599,1292
"645","45045","Greenville County, South Carolina",187957,2342,165947,3040,251,189,151968,3250,13728,2110,22010,2040
"646","45047","Greenwood County, South Carolina",27533,1150,22603,1545,41,55,18548,1704,4014,1073,4930,1030
"647","45051","Horry County, South Carolina",125562,3301,115574,3199,483,282,104708,3207,10383,1833,9988,1436
"648","45057","Lancaster County, South Carolina",32630,1216,28327,1469,27,46,25563,1582,2737,987,4303,936
"649","45059","Laurens County, South Carolina",24805,1232,20927,1268,248,197,17678,1242,3001,1023,3878,726
"650","45063","Lexington County, South Carolina",110146,2037,99644,2400,567,294,91094,2526,7983,1302,10502,1442
"651","45073","Oconee County, South Carolina",31498,1248,26752,1494,295,229,23164,1491,3293,814,4746,1110
"652","45075","Orangeburg County, South Carolina",33449,1347,25630,1671,40,67,22416,1839,3174,795,7819,1247
"653","45077","Pickens County, South Carolina",47303,1354,40774,1756,317,207,36963,1778,3494,934,6529,1231
"654","45079","Richland County, South Carolina",153376,2566,142443,2883,419,245,125037,3467,16987,2150,10933,1460
"655","45083","Spartanburg County, South Carolina",113463,2259,98008,2604,436,250,87273,2795,10299,1780,15455,1841
"656","45085","Sumter County, South Carolina",41439,1441,33771,2037,217,155,29352,1864,4202,1168,7668,1379
"657","45091","York County, South Carolina",98128,1665,90522,2102,125,153,84757,2175,5640,1076,7606,1427
"658","46099","Minnehaha County, South Dakota",73808,1392,67373,1590,459,268,62786,1775,4128,992,6435,1008
"659","46103","Pennington County, South Dakota",42956,1437,39279,1457,153,199,35807,1432,3319,920,3677,774
"660","47001","Anderson County, Tennessee",31209,1084,26993,1236,182,176,25009,1412,1802,695,4216,1009
"661","47009","Blount County, Tennessee",49672,1397,43068,1730,0,204,37753,1931,5315,1166,6604,1280
"662","47011","Bradley County, Tennessee",40710,1251,34423,1559,111,133,30200,1805,4112,1148,6287,1059
"663","47037","Davidson County, Tennessee",281967,3233,257760,3908,604,517,236006,4078,21150,2824,24207,2364
"664","47059","Greene County, Tennessee",25418,1671,20033,1641,106,110,17772,1617,2155,652,5385,1007
"665","47065","Hamilton County, Tennessee",139615,2674,118158,3533,141,157,108287,3358,9730,1539,21457,2601
"666","47093","Knox County, Tennessee",183889,3184,165012,3337,199,163,151525,3172,13288,1903,18877,2076
"667","47113","Madison County, Tennessee",37322,1304,31364,1654,32,42,28008,1685,3324,937,5958,1138
"668","47119","Maury County, Tennessee",33667,951,29807,1450,202,204,26645,1522,2960,881,3860,1059
"669","47125","Montgomery County, Tennessee",69427,1755,62104,2120,329,251,55835,2316,5940,1645,7323,1391
"670","47141","Putnam County, Tennessee",31343,1019,26401,1292,57,71,22871,1523,3473,1069,4942,947
"671","47147","Robertson County, Tennessee",25302,725,20694,1304,77,113,18926,1265,1691,598,4608,1068
"672","47149","Rutherford County, Tennessee",111387,1266,104098,1446,222,175,92647,2555,11229,2264,7289,1153
"673","47155","Sevier County, Tennessee",36098,1917,31202,2041,201,178,28241,2138,2760,912,4896,1105
"674","47157","Shelby County, Tennessee",354666,4263,294692,5254,847,350,260291,5137,33554,3150,59974,4163
"675","47163","Sullivan County, Tennessee",64795,1676,54961,2121,81,99,49662,2353,5218,1087,9834,1301
"676","47165","Sumner County, Tennessee",65186,1356,57656,1765,643,440,52064,1879,4949,1190,7530,1248
"677","47179","Washington County, Tennessee",52707,1805,48473,2033,275,257,43622,2142,4576,1216,4234,884
"678","47187","Williamson County, Tennessee",73811,1371,71671,1483,95,110,68573,1824,3003,1079,2140,659
"679","47189","Wilson County, Tennessee",47707,1288,43963,1531,50,62,40746,1612,3167,941,3744,1035
"680","48005","Angelina County, Texas",30210,1391,26788,1695,76,106,24295,1503,2417,844,3422,992
"681","48021","Bastrop County, Texas",25975,1428,21616,1694,0,220,20287,1864,1329,713,4359,1282
"682","48027","Bell County, Texas",119985,2331,111916,2685,275,198,99564,2898,12077,2011,8069,1335
"683","48029","Bexar County, Texas",628924,4705,564965,6524,1409,533,501455,6691,62101,3802,63959,4186
"684","48037","Bowie County, Texas",33031,1391,24757,1546,188,253,21834,1618,2735,871,8274,1500
"685","48039","Brazoria County, Texas",117168,2891,108546,3002,240,204,100919,3554,7387,1885,8622,1870
"686","48041","Brazos County, Texas",78272,2085,73136,2283,218,218,63532,2530,9386,1525,5136,1304
"687","48061","Cameron County, Texas",120499,2424,100873,2768,211,199,64816,3418,35846,3020,19626,1911
"688","48085","Collin County, Texas",334794,2415,327436,2578,108,135,307344,3469,19984,2499,7358,1519
"689","48091","Comal County, Texas",48604,1422,45283,1563,0,220,42391,1681,2892,782,3321,861
"690","48099","Coryell County, Texas",22682,1216,20976,1341,34,48,19347,1330,1595,597,1706,740
"691","48113","Dallas County, Texas",924789,5111,822769,7449,1636,667,738922,7666,82211,5019,102020,5005
"692","48121","Denton County, Texas",281964,2810,271241,3255,356,291,253523,4027,17362,2538,10723,1796
"693","48135","Ector County, Texas",51012,1394,45027,1784,0,220,41635,1958,3392,1148,5985,1394
"694","48139","Ellis County, Texas",55586,1060,52394,1312,209,180,49387,1381,2798,808,3192,887
"695","48141","El Paso County, Texas",267376,3238,234050,4044,512,330,210125,4250,23413,2355,33326,2578
"696","48157","Fort Bend County, Texas",230121,3206,219394,3976,218,249,209046,3979,10130,1647,10727,2320
"697","48167","Galveston County, Texas",120938,2296,109482,2620,670,573,99941,2790,8871,1881,11456,1396
"698","48181","Grayson County, Texas",47135,1543,40568,1584,380,279,35198,1732,4990,1022,6567,1376
"699","48183","Gregg County, Texas",45231,1442,39569,1796,69,121,35863,1868,3637,1085,5662,1265
"700","48187","Guadalupe County, Texas",51935,1257,48365,1498,62,87,44453,1653,3850,1053,3570,830
"701","48201","Harris County, Texas",1606399,7964,1451465,10510,4375,1610,1297915,12115,149175,8044,154934,7267
"702","48203","Harrison County, Texas",23742,1173,17923,1551,172,178,15980,1488,1771,724,5819,1155
"703","48209","Hays County, Texas",71267,1408,68696,1550,748,1041,58853,2356,9095,1857,2571,751
"704","48213","Henderson County, Texas",30403,1432,25539,1532,268,181,22297,1378,2974,849,4864,842
"705","48215","Hidalgo County, Texas",234716,4137,207403,4651,582,418,157753,4964,49068,4126,27313,2930
"706","48231","Hunt County, Texas",31377,1309,28069,1466,184,163,24864,1590,3021,840,3308,855
"707","48245","Jefferson County, Texas",95801,1773,79046,2531,126,111,62195,2702,16725,1989,16755,2067
"708","48251","Johnson County, Texas",54048,1472,49594,1702,623,363,44120,1956,4851,1238,4454,1129
"709","48257","Kaufman County, Texas",36696,918,33537,1342,138,145,30092,1628,3307,1006,3159,944
"710","48291","Liberty County, Texas",26204,1365,22109,1430,0,220,19310,1636,2799,1074,4095,1090
"711","48303","Lubbock County, Texas",111975,2185,102967,2712,226,237,88159,2956,14582,2215,9008,1382
"712","48309","McLennan County, Texas",87163,2069,77666,2311,529,444,64497,2616,12640,1783,9497,1479
"713","48329","Midland County, Texas",56178,1332,50790,1687,111,137,46727,2103,3952,1341,5388,1338
"714","48339","Montgomery County, Texas",193637,2985,181554,3527,1512,1128,168530,4220,11512,2157,12083,2416
"715","48347","Nacogdoches County, Texas",23080,1302,19527,1489,100,135,17312,1604,2115,671,3553,945
"716","48355","Nueces County, Texas",129254,3069,112799,3153,81,101,104003,2988,8715,1440,16455,1975
"717","48361","Orange County, Texas",32538,1154,28198,1355,53,95,25564,1649,2581,843,4340,865
"718","48367","Parker County, Texas",44098,1111,41214,1211,175,154,36342,1653,4697,1223,2884,853
"719","48375","Potter County, Texas",42179,1475,36497,1443,63,77,28901,1484,7533,1280,5682,1031
"720","48381","Randall County, Texas",49728,1182,46910,1354,221,178,43625,1712,3064,993,2818,725
"721","48397","Rockwall County, Texas",31620,839,30047,1062,0,220,28357,1268,1690,821,1573,841
"722","48409","San Patricio County, Texas",23761,1048,20817,1243,0,220,16333,1353,4484,963,2944,776
"723","48423","Smith County, Texas",75792,2510,66743,2877,40,69,57327,2744,9376,1888,9049,1644
"724","48439","Tarrant County, Texas",696887,5661,653489,6391,1303,539,595181,6785,57005,4398,43398,3420
"725","48441","Taylor County, Texas",48607,1748,43045,1737,52,59,35988,1681,7005,1388,5562,964
"726","48451","Tom Green County, Texas",43497,1599,38950,1682,64,121,32640,2009,6246,1412,4547,1019
"727","48453","Travis County, Texas",457810,4735,436244,5627,695,291,395137,5829,40412,3246,21566,2683
"728","48469","Victoria County, Texas",32249,1161,28566,1165,342,415,22026,1607,6198,1403,3683,820
"729","48471","Walker County, Texas",21209,1991,19661,2156,0,220,17795,2038,1866,783,1548,587
"730","48479","Webb County, Texas",73483,1469,54858,2272,433,299,42436,2577,11989,1775,18625,1975
"731","48485","Wichita County, Texas",49486,2106,43007,2279,0,220,37958,2346,5049,1173,6479,1198
"732","48491","Williamson County, Texas",173125,2554,168449,2674,330,237,160213,3088,7906,1687,4676,1114
"733","49005","Cache County, Utah",37151,851,35473,1003,79,70,32676,1187,2718,761,1678,663
"734","49011","Davis County, Utah",103665,1098,99525,1475,289,233,91733,2000,7503,1416,4140,1071
"735","49035","Salt Lake County, Utah",366239,2978,346875,3939,1043,467,309977,4395,35855,3334,19364,2145
"736","49049","Utah County, Utah",157803,1545,153138,1913,224,151,135249,2568,17665,1927,4665,906
"737","49053","Washington County, Utah",51774,2021,48231,1952,392,333,42932,2439,4907,1244,3543,1011
"738","49057","Weber County, Utah",79501,1861,73188,2050,376,298,66889,2285,5923,1197,6313,1020
"739","50007","Chittenden County, Vermont",64867,1151,61078,1489,364,228,56218,1787,4496,1018,3789,803
"740","51003","Albemarle County, Virginia",40318,1322,37203,1419,300,227,33922,1566,2981,783,3115,735
"741","51013","Arlington County, Virginia",103479,2496,99075,2898,313,237,93689,2894,5073,1463,4404,1187
"742","51015","Augusta County, Virginia",29664,1026,26128,1221,183,171,21743,1472,4202,1124,3536,844
"743","51019","Bedford County, Virginia",29566,1390,24909,1534,167,163,22079,1571,2663,828,4657,912
"744","51041","Chesterfield County, Virginia",122221,1773,114620,2249,560,334,108061,2238,5999,1255,7601,1282
"745","51059","Fairfax County, Virginia",395164,3138,383543,3526,2169,868,367001,4033,14373,1816,11621,1519
"746","51061","Fauquier County, Virginia",24777,782,21867,965,219,157,20927,977,721,342,2910,795
"747","51069","Frederick County, Virginia",30760,1218,28544,1282,179,185,24996,1545,3369,1118,2216,694
"748","51085","Hanover County, Virginia",37931,1008,35796,1089,133,163,32710,1275,2953,834,2135,605
"749","51087","Henrico County, Virginia",127930,1552,118368,1696,295,256,106443,2272,11630,1885,9562,1445
"750","51095","James City County, Virginia",28480,1491,26643,1529,34,56,25653,1589,956,530,1837,692
"751","51107","Loudoun County, Virginia",124916,1507,121762,1700,211,251,117489,1869,4062,861,3154,1072
"752","51121","Montgomery County, Virginia",36128,1231,33891,1389,88,152,32149,1606,1654,763,2237,629
"753","51153","Prince William County, Virginia",139792,1821,135087,2056,177,208,130496,2438,4414,1111,4705,1051
"754","51161","Roanoke County, Virginia",38541,1085,34979,1245,90,107,31769,1542,3120,1092,3562,756
"755","51165","Rockingham County, Virginia",31186,1080,26586,1333,164,151,23923,1288,2499,609,4600,856
"756","51177","Spotsylvania County, Virginia",44169,785,42052,934,217,168,39549,1149,2286,716,2117,624
"757","51179","Stafford County, Virginia",47017,624,44943,774,80,94,43981,1019,882,593,2074,470
"758","51199","York County, Virginia",23797,1170,23109,1293,0,201,22078,1322,1031,470,688,429
"759","51510","Alexandria city, Virginia",69875,1555,66778,1752,0,201,63286,1775,3492,787,3097,901
"760","51550","Chesapeake city, Virginia",83364,1894,77127,2179,309,198,73566,2260,3252,1077,6237,1099
"761","51650","Hampton city, Virginia",54181,1387,50180,1572,52,89,44346,2067,5782,1525,4001,948
"762","51680","Lynchburg city, Virginia",27545,1610,23845,1709,96,121,20954,1811,2795,1142,3700,838
"763","51700","Newport News city, Virginia",67628,2268,61950,2483,256,227,55891,2654,5803,1385,5678,1210
"764","51710","Norfolk city, Virginia",87910,2122,78548,2655,157,150,72909,2578,5482,991,9362,1415
"765","51740","Portsmouth city, Virginia",36615,1104,31636,1353,87,155,27826,1457,3723,870,4979,830
"766","51760","Richmond city, Virginia",91704,1869,79860,2497,456,298,65053,2551,14351,1637,11844,1549
"767","51770","Roanoke city, Virginia",42213,1450,36101,1842,446,291,30503,1939,5152,1372,6112,1159
"768","51800","Suffolk city, Virginia",33377,896,30183,1193,191,134,27445,1300,2547,797,3194,777
"769","51810","Virginia Beach city, Virginia",168061,2472,159086,2556,305,173,149334,2610,9447,1564,8975,1268
"770","53005","Benton County, Washington",70434,1240,64964,1382,435,315,59718,1854,4811,1306,5470,1092
"771","53007","Chelan County, Washington",28353,1519,25045,1719,47,80,21476,1579,3522,1235,3308,934
"772","53009","Clallam County, Washington",31837,1051,28069,1295,238,196,25918,1418,1913,535,3768,790
"773","53011","Clark County, Washington",169997,1585,160370,2127,676,214,150180,2573,9514,1804,9627,1390
"774","53015","Cowlitz County, Washington",40170,934,36386,1302,310,223,32400,1332,3676,1039,3784,1050
"775","53021","Franklin County, Washington",25903,740,23855,1069,0,198,21616,1239,2239,895,2048,755
"776","53025","Grant County, Washington",28351,1435,24737,1678,152,156,22331,1715,2254,772,3614,866
"777","53027","Grays Harbor County, Washington",27330,1573,24494,1715,238,216,23045,1665,1211,495,2836,693
"778","53029","Island County, Washington",33365,1431,31544,1620,64,88,30405,1633,1075,511,1821,676
"779","53033","King County, Washington",861154,4657,818533,5127,2041,579,781391,5762,35101,3353,42621,2661
"780","53035","Kitsap County, Washington",101995,2068,95449,2153,405,218,91005,2235,4039,985,6546,1166
"781","53041","Lewis County, Washington",29509,1114,26242,1290,629,357,22892,1322,2721,773,3267,652
"782","53053","Pierce County, Washington",317671,2982,294064,3499,1552,573,272647,4155,19865,2527,23607,2565
"783","53057","Skagit County, Washington",46423,1167,42981,1143,287,184,40900,1195,1794,480,3442,670
"784","53061","Snohomish County, Washington",286116,3382,271989,3453,767,345,254770,4012,16452,2144,14127,2044
"785","53063","Spokane County, Washington",195807,2512,181353,2951,1206,503,168485,3336,11662,1424,14454,1625
"786","53067","Thurston County, Washington",105863,1975,98104,2150,608,334,91449,2374,6047,1368,7759,1404
"787","53073","Whatcom County, Washington",84011,2072,77225,2392,178,178,72802,2753,4245,1267,6786,1309
"788","53077","Yakima County, Washington",81084,1428,69743,1824,394,300,62362,2378,6987,1547,11341,1397
"789","54003","Berkeley County, West Virginia",42369,1458,38493,1642,397,325,35962,1805,2134,838,3876,1040
"790","54011","Cabell County, West Virginia",39017,1549,32737,1583,336,229,27903,1603,4498,994,6280,1053
"791","54033","Harrison County, West Virginia",27741,1063,24105,1400,205,149,22223,1391,1677,487,3636,836
"792","54039","Kanawha County, West Virginia",79049,1890,66567,2365,95,111,58176,2628,8296,1573,12482,1743
"793","54061","Monongalia County, West Virginia",38699,1409,34771,1714,216,162,31549,1689,3006,909,3928,853
"794","54081","Raleigh County, West Virginia",30431,1212,24830,1571,105,142,22462,1657,2263,879,5601,1021
"795","54107","Wood County, West Virginia",34991,1297,30161,1401,66,113,27872,1372,2223,633,4830,1007
"796","55009","Brown County, Wisconsin",104804,1335,93497,1915,753,461,86452,2115,6292,1103,11307,1500
"797","55025","Dane County, Wisconsin",217506,2367,205599,2490,862,369,190913,3400,13824,1976,11907,1481
"798","55027","Dodge County, Wisconsin",34648,810,30247,1199,241,141,27524,1234,2482,742,4401,866
"799","55035","Eau Claire County, Wisconsin",41312,823,36873,1042,224,148,34099,1390,2550,771,4439,755
"800","55039","Fond du Lac County, Wisconsin",40815,1069,36066,1271,333,174,32722,1259,3011,678,4749,773
"801","55055","Jefferson County, Wisconsin",32378,932,28240,1150,295,267,25828,1199,2117,682,4138,834
"802","55059","Kenosha County, Wisconsin",64386,1510,57791,1820,497,339,51936,2179,5358,1497,6595,1042
"803","55063","La Crosse County, Wisconsin",47086,1066,41910,1316,257,251,38994,1385,2659,793,5176,830
"804","55071","Manitowoc County, Wisconsin",34234,955,29762,1195,468,176,25855,1285,3439,861,4472,723
"805","55073","Marathon County, Wisconsin",55147,1042,48522,1301,323,152,44903,1450,3296,812,6625,1021
"806","55079","Milwaukee County, Wisconsin",381318,3039,333611,3606,1776,539,297234,4213,34601,2430,47707,2721
"807","55087","Outagamie County, Wisconsin",72994,1103,65220,1466,318,199,61915,1698,2987,809,7774,918
"808","55089","Ozaukee County, Wisconsin",35417,1299,32405,1399,226,177,30146,1590,2033,547,3012,762
"809","55097","Portage County, Wisconsin",28009,616,25051,824,99,59,23457,852,1495,407,2958,509
"810","55101","Racine County, Wisconsin",75921,1566,67032,1984,370,295,62253,2154,4409,933,8889,1293
"811","55105","Rock County, Wisconsin",63222,1247,55143,1543,339,216,49736,1423,5068,987,8079,1206
"812","55109","St. Croix County, Wisconsin",33460,941,30262,1166,157,111,27529,1202,2576,832,3198,759
"813","55117","Sheboygan County, Wisconsin",47652,943,41487,1201,242,155,38055,1217,3190,760,6165,979
"814","55127","Walworth County, Wisconsin",40039,1193,35615,1391,271,161,31170,1349,4174,899,4424,859
"815","55131","Washington County, Wisconsin",53090,1040,47496,1332,571,478,44340,1523,2585,874,5594,846
"816","55133","Waukesha County, Wisconsin",156503,1399,143890,1753,675,287,137026,1983,6189,1093,12613,1360
"817","55139","Winnebago County, Wisconsin",69943,1442,62843,1805,585,550,58355,1861,3903,891,7100,1070
"818","55141","Wood County, Wisconsin",32749,735,27626,1052,280,197,25675,1110,1671,534,5123,768
"819","56021","Laramie County, Wyoming",38181,1341,35333,1321,222,212,32534,1554,2577,969,2848,763
"820","56025","Natrona County, Wyoming",32059,1174,29459,1515,191,187,26480,1669,2788,777,2600,750
"821","72013","Arecibo Municipio, Puerto Rico",32650,1622,20406,1864,528,277,15814,1824,4064,854,12244,1388
"822","72021","Bayam√≥n Municipio, Puerto Rico",70124,2052,56135,2050,340,323,49443,2023,6352,1137,13989,1330
"823","72025","Caguas Municipio, Puerto Rico",48272,1866,35171,1910,401,340,30143,1721,4627,991,13101,1603
"824","72031","Carolina Municipio, Puerto Rico",63447,1951,52770,1980,152,209,48673,2082,3945,921,10677,1156
"825","72061","Guaynabo Municipio, Puerto Rico",33066,1606,26323,1748,90,107,23042,1665,3191,905,6743,1181
"826","72097","Mayag√ºez Municipio, Puerto Rico",29138,1574,20697,1723,156,137,18547,1816,1994,593,8441,1121
"827","72113","Ponce Municipio, Puerto Rico",52447,1623,32184,1787,190,173,26125,1739,5869,997,20263,1350
"828","72127","San Juan Municipio, Puerto Rico",146719,3481,98656,3732,4372,1119,81559,3626,12725,1560,48063,2761
"829","72135","Toa Alta Municipio, Puerto Rico",22394,1246,17423,1161,24,42,13433,1328,3966,1090,4971,1010
"830","72137","Toa Baja Municipio, Puerto Rico",28112,1357,21112,1260,21,38,12677,1321,8414,1139,7000,1202
"831","72139","Trujillo Alto Municipio, Puerto Rico",24334,1075,19717,1157,0,222,17384,1250,2333,749,4617,759
